,Country,Year,Emissions
915,Afghanistan,2005,0.060418781
916,Angola,2005,0.813539291
917,Albania,2005,1.338209399
918,Andorra,2005,7.353780012
919,United Arab Emirates,2005,25.38238104
920,Argentina,2005,3.753639235
921,Armenia,2005,1.496010763
922,Antigua and Barbuda,2005,5.033021488
923,Australia,2005,18.14629201
924,Austria,2005,9.26611356
925,Azerbaijan,2005,3.579663711
926,Burundi,2005,0.020366995
927,Belgium,2005,10.55578237
928,Benin,2005,0.363307326
929,Burkina Faso,2005,0.078975196
930,Bangladesh,2005,0.235263641
931,Bulgaria,2005,6.265854174
932,Bahrain,2005,23.26923202
933,Bahamas,2005,6.495345193
934,Bosnia and Herzegovina,2005,4.310376759
935,Belarus,2005,5.875465459
936,Belize,2005,1.656107509
937,Bolivia,2005,1.088569382
938,Brazil,2005,1.782061764
939,Barbados,2005,5.138969156
940,Brunei Darussalam,2005,13.66703853
941,Bhutan,2005,0.493260813
942,Botswana,2005,2.378997792
943,Central African Republic,2005,0.05447729
944,Canada,2005,17.02748527
945,Switzerland,2005,6.165024808
946,Chile,2005,3.458629046
947,China,2005,4.46770003
948,Cote d'Ivoire,2005,0.320357185
949,Cameroon,2005,0.283081514
950,Democratic Republic of the Congo,2005,0.040338851
951,Congo,2005,1.189695728
952,Colombia,2005,1.351537304
953,Comoros,2005,0.245248324
954,Cabo Verde,2005,0.950254188
955,Costa Rica,2005,1.463071784
956,Cuba,2005,2.337148577
957,Cyprus,2005,7.687389951
958,Czechia,2005,11.750804
959,Germany,2005,9.729424378
960,Djibouti,2005,0.548995985
961,Dominica,2005,2.266931091
962,Denmark,2005,9.262963492
963,Dominican Republic,2005,2.054464358
964,Algeria,2005,2.841351373
965,Ecuador,2005,2.041105738
966,Egypt,2005,2.147938562
967,Spain,2005,8.029202013
968,Estonia,2005,12.71797866
969,Ethiopia,2005,0.066145963
970,Finland,2005,10.57167065
971,Fiji,2005,1.570095596
972,France,2005,6.025069386
973,Gabon,2005,4.357987805
974,United Kingdom,2005,8.955450044
975,Georgia,2005,1.086491596
976,Ghana,2005,0.322718935
977,Guinea,2005,0.200887312
978,Gambia,2005,0.213765883
979,Guinea-Bissau,2005,0.156141834
980,Equatorial Guinea,2005,11.10033354
981,Greece,2005,9.278882623
982,Grenada,2005,2.388732825
983,Guatemala,2005,0.890464915
984,Guyana,2005,1.983499455
985,Honduras,2005,0.934443841
986,Croatia,2005,4.976630894
987,Haiti,2005,0.184877283
988,Hungary,2005,5.543733303
989,Indonesia,2005,1.512001407
990,India,2005,0.99029291
991,Ireland,2005,11.21417451
992,Iran,2005,6.461795522
993,Iraq,2005,3.162065041
994,Iceland,2005,7.717349417
995,Israel,2005,8.803624525
996,Italy,2005,8.173783064
997,Jamaica,2005,3.854014752
998,Jordan,2005,3.44627904
999,Japan,2005,9.49198928
1000,Kazakhstan,2005,11.17116807
1001,Kenya,2005,0.227167866
1002,Kyrgyzstan,2005,1.026614534
1003,Cambodia,2005,0.200401487
1004,Kiribati,2005,0.758240452
1005,Saint Kitts and Nevis,2005,4.695637301
1006,Democratic People's Republic of Korea,2005,9.982450603
1007,Lao People's Democratic Republic,2005,0.219066618
1008,Lebanon,2005,3.67756536
1009,Liberia,2005,0.208196483
1010,Libya,2005,9.13838937
1011,Saint Lucia,2005,2.692646612
1012,Liechtenstein,2005,6.624805697
1013,Sri Lanka,2005,0.715272864
1014,Lesotho,2005,0.215418454
1015,Lithuania,2005,3.861517472
1016,Luxembourg,2005,25.60420297
1017,Latvia,2005,3.443810739
1018,Morocco,2005,1.430937324
1019,Republic of Moldova,2005,2.832301219
1020,Madagascar,2005,0.093255492
1021,Maldives,2005,2.252787914
1022,Mexico,2005,4.077064206
1023,North Macedonia,2005,4.531495635
1024,Malta,2005,6.512577233
1025,Myanmar,2005,0.218999293
1026,Montenegro,2005,3.255944948
1027,Mongolia,2005,4.377720656
1028,Mozambique,2005,0.083439354
1029,Mauritania,2005,0.499305929
1030,Mauritius,2005,2.409925014
1031,Malawi,2005,0.06019349
1032,Malaysia,2005,6.51677658
1033,Niger,2005,0.055781969
1034,Nigeria,2005,0.710906213
1035,Nicaragua,2005,0.797986014
1036,Netherlands,2005,10.28991121
1037,Norway,2005,7.862364379
1038,Nepal,2005,0.123909964
1039,Nauru,2005,7.108042272
1040,New Zealand,2005,8.280316298
1041,Oman,2005,12.34841248
1042,Pakistan,2005,0.758995364
1043,Panama,2005,2.137995571
1044,Peru,2005,1.122868144
1045,Philippines,2005,0.888142335
1046,Papua New Guinea,2005,0.759056846
1047,Poland,2005,7.895886085
1048,"Korea, Dem. People's Rep.",2005,3.245877438
1049,Portugal,2005,6.233261377
1050,Paraguay,2005,0.635291843
1051,Qatar,2005,44.53380584
1052,Romania,2005,4.442373285
1053,Russian Federation,2005,11.23183738
1054,Rwanda,2005,0.062215648
1055,Saudi Arabia,2005,13.23848219
1056,Sudan,2005,0.339262193
1057,Senegal,2005,0.511265752
1058,Singapore,2005,8.650271986
1059,Solomon Islands,2005,0.723530496
1060,Sierra Leone,2005,0.07970768
1061,El Salvador,2005,1.13018176
1062,Somalia,2005,0.055519094
1063,Serbia,2005,6.81246772
1064,South Sudan,2005,0.120754825
1065,Sao Tome and Principe,2005,0.508026812
1066,Suriname,2005,3.383647687
1067,Slovakia,2005,7.169436843
1068,Slovenia,2005,7.958113965
1069,Sweden,2005,5.560617833
1070,Swaziland,2005,0.640419209
1071,Seychelles,2005,4.586159396
1072,Syrian Arab Republic,2005,3.116357851
1073,Chad,2005,0.047540614
1074,Togo,2005,0.311851627
1075,Thailand,2005,3.328992526
1076,Tajikistan,2005,0.363806796
1077,Turkmenistan,2005,10.64010576
1078,Tonga,2005,1.288302169
1079,Trinidad and Tobago,2005,13.56732808
1080,Tunisia,2005,2.272732152
1081,Turkey,2005,3.460795614
1082,Tuvalu,2005,1.000300068
1083,Tanzania,2005,0.147202921
1084,Uganda,2005,0.072964779
1085,Ukraine,2005,6.27128609
1086,Uruguay,2005,1.631646008
1087,United States of America,2005,19.46926248
1088,Uzbekistan,2005,4.554973915
1089,Saint Vincent and the Grenadines,2005,2.301665485
1090,Venezuela,2005,5.575723505
1091,Viet Nam,2005,1.101837882
1092,Vanuatu,2005,0.334476927
1093,Samoa,2005,1.168471269
1094,Yemen,2005,1.049861435
1095,South Africa,2005,7.887328758
1096,Zambia,2005,0.193147169
1097,Zimbabwe,2005,0.870271087
1098,Afghanistan,2006,0.066583291
1099,Angola,2006,0.821840076
1100,Albania,2006,1.339995739
1101,Andorra,2006,6.790542773
1102,United Arab Emirates,2006,22.93510429
1103,Argentina,2006,3.94249129
1104,Armenia,2006,1.51776299
1105,Antigua and Barbuda,2006,5.319470442
1106,Australia,2006,18.14145349
1107,Austria,2006,8.961569195
1108,Azerbaijan,2006,3.593590676
1109,Burundi,2006,0.023659773
1110,Belgium,2006,10.30057207
1111,Benin,2006,0.422300744
1112,Burkina Faso,2006,0.089665522
1113,Bangladesh,2006,0.254752395
1114,Bulgaria,2006,6.439923574
1115,Bahrain,2006,23.46563028
1116,Bahamas,2006,6.34379729
1117,Bosnia and Herzegovina,2006,4.756438946
1118,Belarus,2006,6.15517613
1119,Belize,2006,1.750544009
1120,Bolivia,2006,1.195259486
1121,Brazil,2006,1.783625001
1122,Barbados,2006,5.297774677
1123,Brunei Darussalam,2006,20.30994264
1124,Bhutan,2006,0.486763075
1125,Botswana,2006,2.22777692
1126,Central African Republic,2006,0.055851339
1127,Canada,2006,16.5953499
1128,Switzerland,2006,6.077017721
1129,Chile,2006,3.494449666
1130,China,2006,4.910276132
1131,Cote d'Ivoire,2006,0.303920338
1132,Cameroon,2006,0.279306978
1133,Democratic Republic of the Congo,2006,0.040298316
1134,Congo,2006,1.276319812
1135,Colombia,2006,1.335388783
1136,Comoros,2006,0.271380387
1137,Cabo Verde,2006,1.065709517
1138,Costa Rica,2006,1.509635072
1139,Cuba,2006,2.37806834
1140,Cyprus,2006,7.651782674
1141,Czechia,2006,11.77860313
1142,Germany,2006,9.886441614
1143,Djibouti,2006,0.54118412
1144,Dominica,2006,2.403914163
1145,Denmark,2006,10.69102319
1146,Dominican Republic,2006,2.209643748
1147,Algeria,2006,2.966914681
1148,Ecuador,2006,2.143053343
1149,Egypt,2006,2.22117664
1150,Spain,2006,7.698212561
1151,Estonia,2006,11.86507343
1152,Ethiopia,2006,0.068799271
1153,Finland,2006,12.72627915
1154,Fiji,2006,1.66693039
1155,France,2006,5.840018106
1156,Gabon,2006,3.803812803
1157,United Kingdom,2006,8.908600278
1158,Georgia,2006,1.211231833
1159,Ghana,2006,0.380266256
1160,Guinea,2006,0.204138179
1161,Gambia,2006,0.226209665
1162,Guinea-Bissau,2006,0.159700111
1163,Equatorial Guinea,2006,11.94400452
1164,Greece,2006,9.137630592
1165,Grenada,2006,2.477653381
1166,Guatemala,2006,0.871846874
1167,Guyana,2006,1.782041634
1168,Honduras,2006,1.043973254
1169,Croatia,2006,5.012573327
1170,Haiti,2006,0.184059902
1171,Hungary,2006,5.506698601
1172,Indonesia,2006,1.589363176
1173,India,2006,1.042663453
1174,Ireland,2006,11.05861518
1175,Iran,2006,6.862471364
1176,Iraq,2006,3.022428749
1177,Iceland,2006,7.669973612
1178,Israel,2006,9.120036553
1179,Italy,2006,8.025766415
1180,Jamaica,2006,4.378426925
1181,Jordan,2006,3.366409389
1182,Japan,2006,9.303737228
1183,Kazakhstan,2006,12.1047148
1184,Kenya,2006,0.247018262
1185,Kyrgyzstan,2006,1.019469602
1186,Cambodia,2006,0.219621964
1187,Kiribati,2006,0.74198917
1188,Saint Kitts and Nevis,2006,4.859189237
1189,Democratic People's Republic of Korea,2006,10.07157738
1190,Lao People's Democratic Republic,2006,0.280530097
1191,Lebanon,2006,3.409835694
1192,Liberia,2006,0.207256313
1193,Libya,2006,8.989490546
1194,Saint Lucia,2006,2.902441614
1195,Liechtenstein,2006,6.576125923
1196,Sri Lanka,2006,0.629570172
1197,Lesotho,2006,0.216087681
1198,Lithuania,2006,3.981762324
1199,Luxembourg,2006,24.79704354
1200,Latvia,2006,3.696429298
1201,Morocco,2006,1.460816566
1202,Republic of Moldova,2006,2.770741944
1203,Madagascar,2006,0.086863187
1204,Maldives,2006,2.656577793
1205,Mexico,2006,4.167900165
1206,North Macedonia,2006,4.519102898
1207,Malta,2006,6.538237823
1208,Myanmar,2006,0.20222694
1209,Montenegro,2006,3.544571467
1210,Mongolia,2006,4.853735335
1211,Mozambique,2006,0.088234843
1212,Mauritania,2006,0.555929037
1213,Mauritius,2006,2.674238776
1214,Malawi,2006,0.060121661
1215,Malaysia,2006,6.64454285
1216,Niger,2006,0.053026134
1217,Nigeria,2006,0.622779937
1218,Nicaragua,2006,0.82520869
1219,Netherlands,2006,10.01462043
1220,Norway,2006,7.981673212
1221,Nepal,2006,0.100511426
1222,Nauru,2006,5.08802287
1223,New Zealand,2006,8.189552277
1224,Oman,2006,15.1854899
1225,Pakistan,2006,0.80769342
1226,Panama,2006,2.208349617
1227,Peru,2006,1.097428645
1228,Philippines,2006,0.790431773
1229,Papua New Guinea,2006,0.719133232
1230,Poland,2006,8.234912499
1231,"Korea, Dem. People's Rep.",2006,3.28166461
1232,Portugal,2006,5.74494832
1233,Paraguay,2006,0.667995676
1234,Qatar,2006,42.79830768
1235,Romania,2006,4.683454099
1236,Russian Federation,2006,11.56836194
1237,Rwanda,2006,0.060818225
1238,Saudi Arabia,2006,13.69237149
1239,Sudan,2006,0.407430716
1240,Senegal,2006,0.4893575
1241,Singapore,2006,8.445106954
1242,Solomon Islands,2006,0.706734354
1243,Sierra Leone,2006,0.101213876
1244,El Salvador,2006,1.190907939
1245,Somalia,2006,0.053883794
1246,Serbia,2006,7.152331486
1247,South Sudan,2006,0.126463707
1248,Sao Tome and Principe,2006,0.494816783
1249,Suriname,2006,3.027952098
1250,Slovakia,2006,7.048132949
1251,Slovenia,2006,8.117126246
1252,Sweden,2006,5.385163218
1253,Swaziland,2006,0.627355577
1254,Seychelles,2006,4.609928909
1255,Syrian Arab Republic,2006,3.159094769
1256,Chad,2006,0.048770588
1257,Togo,2006,0.27243319
1258,Thailand,2006,3.341004691
1259,Tajikistan,2006,0.388582894
1260,Turkmenistan,2006,10.79392259
1261,Tonga,2006,1.474723302
1262,Trinidad and Tobago,2006,15.40053638
1263,Tunisia,2006,2.34285906
1264,Turkey,2006,3.797151008
1265,Tuvalu,2006,0.988337594
1266,Tanzania,2006,0.152976088
1267,Uganda,2006,0.083999867
1268,Ukraine,2006,6.497208272
1269,Uruguay,2006,1.903528662
1270,United States of America,2006,18.94591375
1271,Uzbekistan,2006,4.808169683
1272,Saint Vincent and the Grenadines,2006,2.301983389
1273,Venezuela,2006,5.494560701
1274,Viet Nam,2006,1.121162316
1275,Vanuatu,2006,0.326524521
1276,Samoa,2006,1.105742135
1277,Yemen,2006,1.059569463
1278,South Africa,2006,7.832423319
1279,Zambia,2006,0.179077245
1280,Zimbabwe,2006,0.808687685
1281,Afghanistan,2007,0.065312346
1282,Angola,2007,0.811753508
1283,Albania,2007,1.39393137
1284,Andorra,2007,6.53104692
1285,United Arab Emirates,2007,21.37028576
1286,Argentina,2007,4.102629636
1287,Armenia,2007,1.773161431
1288,Antigua and Barbuda,2007,5.474300638
1289,Australia,2007,18.52109701
1290,Austria,2007,8.587801761
1291,Azerbaijan,2007,3.219791775
1292,Burundi,2007,0.02289428
1293,Belgium,2007,9.843115874
1294,Benin,2007,0.473104595
1295,Burkina Faso,2007,0.098933279
1296,Bangladesh,2007,0.266296791
1297,Bulgaria,2007,6.971191811
1298,Bahrain,2007,22.20240095
1299,Bahamas,2007,6.28358498
1300,Bosnia and Herzegovina,2007,5.02020957
1301,Belarus,2007,6.029733806
1302,Belize,2007,1.772391396
1303,Bolivia,2007,1.26380481
1304,Brazil,2007,1.854305856
1305,Barbados,2007,5.310350587
1306,Brunei Darussalam,2007,19.04167531
1307,Bhutan,2007,0.481294913
1308,Botswana,2007,2.303437439
1309,Central African Republic,2007,0.057170025
1310,Canada,2007,17.38057011
1311,Switzerland,2007,5.766034471
1312,Chile,2007,3.906183578
1313,China,2007,5.306366015
1314,Cote d'Ivoire,2007,0.29523374
1315,Cameroon,2007,0.327277496
1316,Democratic Republic of the Congo,2007,0.042255675
1317,Congo,2007,1.070657483
1318,Colombia,2007,1.353071942
1319,Comoros,2007,0.17143997
1320,Cabo Verde,2007,0.968284491
1321,Costa Rica,2007,1.725458621
1322,Cuba,2007,2.460200201
1323,Cyprus,2007,7.812294746
1324,Czechia,2007,12.00330783
1325,Germany,2007,9.527586652
1326,Djibouti,2007,0.583520389
1327,Dominica,2007,2.542480715
1328,Denmark,2007,9.779475634
1329,Dominican Republic,2007,2.209049927
1330,Algeria,2007,3.007289846
1331,Ecuador,2007,2.14317376
1332,Egypt,2007,2.34430544
1333,Spain,2007,7.842252141
1334,Estonia,2007,14.90288476
1335,Ethiopia,2007,0.073877268
1336,Finland,2007,12.30921631
1337,Fiji,2007,1.50684357
1338,France,2007,5.667781492
1339,Gabon,2007,3.354690664
1340,United Kingdom,2007,8.650989769
1341,Georgia,2007,1.458489553
1342,Ghana,2007,0.397144284
1343,Guinea,2007,0.208023423
1344,Gambia,2007,0.250023476
1345,Guinea-Bissau,2007,0.162942027
1346,Equatorial Guinea,2007,10.39326453
1347,Greece,2007,9.441123453
1348,Grenada,2007,2.662027145
1349,Guatemala,2007,0.920826905
1350,Guyana,2007,2.156797884
1351,Honduras,2007,1.093677158
1352,Croatia,2007,5.308317229
1353,Haiti,2007,0.215895462
1354,Hungary,2007,5.355128938
1355,Indonesia,2007,1.635120972
1356,India,2007,1.129757683
1357,Ireland,2007,10.5388979
1358,Iran,2007,7.207252776
1359,Iraq,2007,2.746205329
1360,Iceland,2007,7.638831305
1361,Israel,2007,9.275636617
1362,Italy,2007,7.860767964
1363,Jamaica,2007,4.342126485
1364,Jordan,2007,3.371546348
1365,Japan,2007,9.570784184
1366,Kazakhstan,2007,12.81242182
1367,Kenya,2007,0.242081741
1368,Kyrgyzstan,2007,1.228076796
1369,Cambodia,2007,0.267544785
1370,Kiribati,2007,0.621561971
1371,Saint Kitts and Nevis,2007,5.233519647
1372,Democratic People's Republic of Korea,2007,10.34618659
1373,Lao People's Democratic Republic,2007,0.291003292
1374,Lebanon,2007,3.154794472
1375,Liberia,2007,0.184868989
1376,Libya,2007,8.266404753
1377,Saint Lucia,2007,2.863210072
1378,Liechtenstein,2007,5.679075531
1379,Sri Lanka,2007,0.684909284
1380,Lesotho,2007,0.221447602
1381,Lithuania,2007,4.088145504
1382,Luxembourg,2007,23.14617017
1383,Latvia,2007,3.876699912
1384,Morocco,2007,1.487308731
1385,Republic of Moldova,2007,2.832852436
1386,Madagascar,2007,0.08850687
1387,Maldives,2007,2.595682231
1388,Mexico,2007,4.187211587
1389,North Macedonia,2007,4.746620875
1390,Malta,2007,6.687581821
1391,Myanmar,2007,0.20938514
1392,Montenegro,2007,3.409782674
1393,Mongolia,2007,5.019625678
1394,Mozambique,2007,0.102891487
1395,Mauritania,2007,0.621387214
1396,Mauritius,2007,2.742753963
1397,Malawi,2007,0.062210458
1398,Malaysia,2007,7.108435391
1399,Niger,2007,0.055837755
1400,Nigeria,2007,0.554325672
1401,Nicaragua,2007,0.840777159
1402,Netherlands,2007,10.04474769
1403,Norway,2007,8.016303569
1404,Nepal,2007,0.101961197
1405,Nauru,2007,4.062563387
1406,New Zealand,2007,7.876793517
1407,Oman,2007,15.90418587
1408,Pakistan,2007,0.871590759
1409,Panama,2007,2.165811399
1410,Peru,2007,1.193306099
1411,Philippines,2007,0.818965455
1412,Papua New Guinea,2007,0.74171961
1413,Poland,2007,8.220760788
1414,"Korea, Dem. People's Rep.",2007,2.713291792
1415,Portugal,2007,5.577179172
1416,Paraguay,2007,0.620162281
1417,Qatar,2007,40.89652419
1418,Romania,2007,4.632001472
1419,Russian Federation,2007,11.61127902
1420,Rwanda,2007,0.062542059
1421,Saudi Arabia,2007,14.08083313
1422,Sudan,2007,0.431388535
1423,Senegal,2007,0.530500422
1424,Singapore,2007,8.34459514
1425,Solomon Islands,2007,0.690870158
1426,Sierra Leone,2007,0.083477457
1427,El Salvador,2007,1.24962947
1428,Somalia,2007,0.055956063
1429,Serbia,2007,6.971408026
1430,South Sudan,2007,0.140707119
1431,Sao Tome and Principe,2007,0.481066996
1432,Suriname,2007,2.758318417
1433,Slovakia,2007,6.919556134
1434,Slovenia,2007,8.066906107
1435,Sweden,2007,5.152987026
1436,Swaziland,2007,0.633001864
1437,Seychelles,2007,4.704056142
1438,Syrian Arab Republic,2007,3.199475612
1439,Chad,2007,0.046219132
1440,Togo,2007,0.253362971
1441,Thailand,2007,3.39351756
1442,Tajikistan,2007,0.462997899
1443,Turkmenistan,2007,12.00786333
1444,Tonga,2007,1.267340585
1445,Trinidad and Tobago,2007,15.66739272
1446,Tunisia,2007,2.401809887
1447,Turkey,2007,4.152950584
1448,Tuvalu,2007,0.97856931
1449,Tanzania,2007,0.145275175
1450,Uganda,2007,0.097333218
1451,Ukraine,2007,6.711338281
1452,Uruguay,2007,1.755832412
1453,United States of America,2007,19.04291352
1454,Uzbekistan,2007,4.562304668
1455,Saint Vincent and the Grenadines,2007,2.488112451
1456,Venezuela,2007,5.225781139
1457,Viet Nam,2007,1.230865213
1458,Vanuatu,2007,0.501221154
1459,Samoa,2007,1.098629476
1460,Yemen,2007,1.093385887
1461,South Africa,2007,8.083507514
1462,Zambia,2007,0.158362527
1463,Zimbabwe,2007,0.796349864
1464,Afghanistan,2008,0.128416559
1465,Angola,2008,0.888658009
1466,Albania,2008,1.384311249
1467,Andorra,2008,6.439303857
1468,United Arab Emirates,2008,22.01146924
1469,Argentina,2008,4.172388531
1470,Armenia,2008,1.956930356
1471,Antigua and Barbuda,2008,5.621003692
1472,Australia,2008,18.30374802
1473,Austria,2008,8.49967402
1474,Azerbaijan,2008,3.474678865
1475,Burundi,2008,0.022150837
1476,Belgium,2008,9.984152183
1477,Benin,2008,0.46223287
1478,Burkina Faso,2008,0.115727153
1479,Bangladesh,2008,0.288141386
1480,Bulgaria,2008,6.678624427
1481,Bahrain,2008,22.21335064
1482,Bahamas,2008,6.401303677
1483,Bosnia and Herzegovina,2008,5.529716828
1484,Belarus,2008,6.352864617
1485,Belize,2008,1.62960935
1486,Bolivia,2008,1.348563251
1487,Brazil,2008,1.945681928
1488,Barbados,2008,6.358369012
1489,Brunei Darussalam,2008,20.847719
1490,Bhutan,2008,0.446687163
1491,Botswana,2008,2.291667032
1492,Central African Republic,2008,0.039781269
1493,Canada,2008,16.55692294
1494,Switzerland,2008,5.878910791
1495,Chile,2008,4.069245883
1496,China,2008,5.435075622
1497,Cote d'Ivoire,2008,0.330008281
1498,Cameroon,2008,0.331901941
1499,Democratic Republic of the Congo,2008,0.042210719
1500,Congo,2008,1.086878789
1501,Colombia,2008,1.350808645
1502,Comoros,2008,0.167369873
1503,Cabo Verde,2008,0.998240579
1504,Costa Rica,2008,1.684918829
1505,Cuba,2008,2.380533907
1506,Cyprus,2008,7.849714277
1507,Czechia,2008,11.39282817
1508,Germany,2008,9.617453045
1509,Djibouti,2008,0.575725689
1510,Dominica,2008,2.541332041
1511,Denmark,2008,9.125129139
1512,Dominican Republic,2008,2.175917533
1513,Algeria,2008,3.102451083
1514,Ecuador,2008,2.1801436
1515,Egypt,2008,2.38509982
1516,Spain,2008,7.056387715
1517,Estonia,2008,13.76122746
1518,Ethiopia,2008,0.078271761
1519,Finland,2008,10.6636072
1520,Fiji,2008,1.147445607
1521,France,2008,5.561011371
1522,Gabon,2008,3.470443269
1523,United Kingdom,2008,8.337891639
1524,Georgia,2008,1.25764955
1525,Ghana,2008,0.367512374
1526,Guinea,2008,0.206391015
1527,Gambia,2008,0.254545114
1528,Guinea-Bissau,2008,0.152045425
1529,Equatorial Guinea,2008,11.36100912
1530,Greece,2008,9.064040878
1531,Grenada,2008,2.749935914
1532,Guatemala,2008,0.818091212
1533,Guyana,2008,2.142431558
1534,Honduras,2008,1.076312315
1535,Croatia,2008,5.042108344
1536,Haiti,2008,0.210437489
1537,Hungary,2008,5.280833386
1538,Indonesia,2008,1.597402667
1539,India,2008,1.18632121
1540,Ireland,2008,10.19702642
1541,Iran,2008,7.25243453
1542,Iraq,2008,3.105080315
1543,Iceland,2008,6.868002252
1544,Israel,2008,9.127353202
1545,Italy,2008,7.564248487
1546,Jamaica,2008,3.458106721
1547,Jordan,2008,3.051945799
1548,Japan,2008,9.044142107
1549,Kazakhstan,2008,15.34074602
1550,Kenya,2008,0.24904513
1551,Kyrgyzstan,2008,1.411999216
1552,Cambodia,2008,0.292426404
1553,Kiribati,2008,0.607533401
1554,Saint Kitts and Nevis,2008,5.189090456
1555,Democratic People's Republic of Korea,2008,10.49685145
1556,Lao People's Democratic Republic,2008,0.339031816
1557,Lebanon,2008,3.914165316
1558,Liberia,2008,0.149673095
1559,Libya,2008,8.792257212
1560,Saint Lucia,2008,2.882166504
1561,Liechtenstein,2008,6.202599419
1562,Sri Lanka,2008,0.641013344
1563,Lesotho,2008,0.23148964
1564,Lithuania,2008,4.083507545
1565,Luxembourg,2008,22.55192972
1566,Latvia,2008,3.724758973
1567,Morocco,2008,1.542007758
1568,Republic of Moldova,2008,2.841737072
1569,Madagascar,2008,0.089015683
1570,Maldives,2008,2.533134579
1571,Mexico,2008,4.146991471
1572,North Macedonia,2008,4.631398117
1573,Malta,2008,6.644209959
1574,Myanmar,2008,0.158222646
1575,Montenegro,2008,4.360024664
1576,Mongolia,2008,4.928000758
1577,Mozambique,2008,0.100553963
1578,Mauritania,2008,0.576414856
1579,Mauritius,2008,2.789117802
1580,Malawi,2008,0.069930583
1581,Malaysia,2008,7.450065403
1582,Niger,2008,0.056390068
1583,Nigeria,2008,0.578493505
1584,Nicaragua,2008,0.794009849
1585,Netherlands,2008,10.04646055
1586,Norway,2008,7.73245798
1587,Nepal,2008,0.112125361
1588,Nauru,2008,4.048582905
1589,New Zealand,2008,8.021502927
1590,Oman,2008,15.01659837
1591,Pakistan,2008,0.828201836
1592,Panama,2008,2.076102578
1593,Peru,2008,1.340577361
1594,Philippines,2008,0.826714801
1595,Papua New Guinea,2008,0.68231992
1596,Poland,2008,8.087182909
1597,"Korea, Dem. People's Rep.",2008,2.995868919
1598,Portugal,2008,5.38350514
1599,Paraguay,2008,0.710374922
1600,Qatar,2008,36.91870848
1601,Romania,2008,4.646050196
1602,Russian Federation,2008,11.59564597
1603,Rwanda,2008,0.05879554
1604,Saudi Arabia,2008,15.05376806
1605,Sudan,2008,0.452196556
1606,Senegal,2008,0.536456559
1607,Singapore,2008,7.939006886
1608,Solomon Islands,2008,0.635720317
1609,Sierra Leone,2008,0.084778933
1610,El Salvador,2008,1.126918203
1611,Somalia,2008,0.054399384
1612,Serbia,2008,6.779387321
1613,South Sudan,2008,0.141926252
1614,Sao Tome and Principe,2008,0.525940578
1615,Suriname,2008,2.823318362
1616,Slovakia,2008,6.896893753
1617,Slovenia,2008,8.588464451
1618,Sweden,2008,5.005620235
1619,Swaziland,2008,0.600029711
1620,Seychelles,2008,4.830028829
1621,Syrian Arab Republic,2008,3.15911159
1622,Chad,2008,0.048285038
1623,Togo,2008,0.258078651
1624,Thailand,2008,3.420662101
1625,Tajikistan,2008,0.421641055
1626,Turkmenistan,2008,12.01029603
1627,Tonga,2008,1.257447915
1628,Trinidad and Tobago,2008,15.23071679
1629,Tunisia,2008,2.424521757
1630,Turkey,2008,4.078325237
1631,Tuvalu,2008,0.969461927
1632,Tanzania,2008,0.145267073
1633,Uganda,2008,0.097595491
1634,Ukraine,2008,6.511279813
1635,Uruguay,2008,2.320205759
1636,United States of America,2008,18.27849449
1637,Uzbekistan,2008,4.720395157
1638,Saint Vincent and the Grenadines,2008,2.306251787
1639,Venezuela,2008,5.467902249
1640,Viet Nam,2008,1.363466232
1641,Vanuatu,2008,0.445037835
1642,Samoa,2008,0.927593178
1643,Yemen,2008,1.106332654
1644,South Africa,2008,8.572609815
1645,Zambia,2008,0.170447505
1646,Zimbabwe,2008,0.613915535
1647,Afghanistan,2009,0.171862421
1648,Angola,2009,0.939403983
1649,Albania,2009,1.441493562
1650,Andorra,2009,6.156687476
1651,United Arab Emirates,2009,19.83234887
1652,Argentina,2009,3.867569967
1653,Armenia,2009,1.561583601
1654,Antigua and Barbuda,2009,16.02434762
1655,Australia,2009,18.22309955
1656,Austria,2009,7.721143982
1657,Azerbaijan,2009,2.850039951
1658,Burundi,2009,0.021434541
1659,Belgium,2009,9.231701273
1660,Benin,2009,0.494146663
1661,Burkina Faso,2009,0.114258558
1662,Bangladesh,2009,0.306664813
1663,Bulgaria,2009,5.764030949
1664,Bahrain,2009,20.8594387
1665,Bahamas,2009,17.64874164
1666,Bosnia and Herzegovina,2009,5.511323147
1667,Belarus,2009,6.03919199
1668,Belize,2009,4.640002664
1669,Bolivia,2009,1.416317393
1670,Brazil,2009,1.805179788
1671,Barbados,2009,16.43502256
1672,Brunei Darussalam,2009,20.50002315
1673,Bhutan,2009,0.471747475
1674,Botswana,2009,2.144873704
1675,Central African Republic,2009,0.039191973
1676,Canada,2009,15.50214503
1677,Switzerland,2009,5.639327378
1678,Chile,2009,3.875949531
1679,China,2009,5.798318754
1680,Cote d'Ivoire,2009,0.300610999
1681,Cameroon,2009,0.355231325
1682,Democratic Republic of the Congo,2009,0.040032941
1683,Congo,2009,1.167559259
1684,Colombia,2009,1.385696614
1685,Comoros,2009,0.20794622
1686,Cabo Verde,2009,1.047944468
1687,Costa Rica,2009,1.592659919
1688,Cuba,2009,2.40319712
1689,Cyprus,2009,7.540372167
1690,Czechia,2009,10.64445418
1691,Germany,2009,8.97178632
1692,Djibouti,2009,0.567756274
1693,Dominica,2009,7.05736224
1694,Denmark,2009,8.678105357
1695,Dominican Republic,2009,2.052891491
1696,Algeria,2009,3.174573294
1697,Ecuador,2009,2.335118311
1698,Egypt,2009,2.436192983
1699,Spain,2009,6.200856827
1700,Estonia,2009,11.27750545
1701,Ethiopia,2009,0.076612691
1702,Finland,2009,10.14821304
1703,Fiji,2009,1.136315747
1704,France,2009,5.312096451
1705,Gabon,2009,3.314371184
1706,United Kingdom,2009,7.490653988
1707,Georgia,2009,1.473356725
1708,Ghana,2009,0.414133624
1709,Guinea,2009,0.21275591
1710,Gambia,2009,0.281564377
1711,Guinea-Bissau,2009,0.154994881
1712,Equatorial Guinea,2009,10.76987412
1713,Greece,2009,8.529742762
1714,Grenada,2009,7.656895482
1715,Guatemala,2009,0.846417112
1716,Guyana,2009,2.179966238
1717,Honduras,2009,0.990089255
1718,Croatia,2009,4.717571565
1719,Haiti,2009,0.203101721
1720,Hungary,2009,4.773188743
1721,Indonesia,2009,1.638919951
1722,India,2009,1.285083612
1723,Ireland,2009,8.943031474
1724,Iran,2009,7.436286869
1725,Iraq,2009,3.251285214
1726,Iceland,2009,6.624824238
1727,Israel,2009,8.780859698
1728,Italy,2009,6.71897022
1729,Jamaica,2009,2.818474209
1730,Jordan,2009,2.997131378
1731,Japan,2009,8.598248928
1732,Kazakhstan,2009,13.27361979
1733,Kenya,2009,0.286295484
1734,Kyrgyzstan,2009,1.255735372
1735,Cambodia,2009,0.337032292
1736,Kiribati,2009,0.594483183
1737,Saint Kitts and Nevis,2009,14.40358831
1738,Democratic People's Republic of Korea,2009,10.68065582
1739,Lao People's Democratic Republic,2009,0.413100752
1740,Lebanon,2009,4.550151946
1741,Liberia,2009,0.143841627
1742,Libya,2009,9.19467249
1743,Saint Lucia,2009,7.954802812
1744,Liechtenstein,2009,5.878565446
1745,Sri Lanka,2009,0.610728505
1746,Lesotho,2009,0.266313577
1747,Lithuania,2009,3.695956383
1748,Luxembourg,2009,20.97299341
1749,Latvia,2009,3.436572194
1750,Morocco,2009,1.526820983
1751,Republic of Moldova,2009,2.667275485
1752,Madagascar,2009,0.082162021
1753,Maldives,2009,2.575051504
1754,Mexico,2009,3.986790881
1755,North Macedonia,2009,4.325413431
1756,Malta,2009,6.085187757
1757,Myanmar,2009,0.149053636
1758,Montenegro,2009,2.830368724
1759,Mongolia,2009,5.101365454
1760,Mozambique,2009,0.108758711
1761,Mauritania,2009,0.692519115
1762,Mauritius,2009,2.741639064
1763,Malawi,2009,0.069365009
1764,Malaysia,2009,6.559572504
1765,Niger,2009,0.068168346
1766,Nigeria,2009,0.498623213
1767,Nicaragua,2009,0.764071157
1768,Netherlands,2009,9.708786357
1769,Norway,2009,7.751527071
1770,Nepal,2009,0.144326283
1771,Nauru,2009,4.022121579
1772,New Zealand,2009,7.244456858
1773,Oman,2009,15.15548722
1774,Pakistan,2009,0.826887879
1775,Panama,2009,2.430700533
1776,Peru,2009,1.429878097
1777,Philippines,2009,0.825631075
1778,Papua New Guinea,2009,0.704011101
1779,Poland,2009,7.791547049
1780,"Korea, Dem. People's Rep.",2009,2.266220325
1781,Portugal,2009,5.327278898
1782,Paraguay,2009,0.741405323
1783,Qatar,2009,32.67180019
1784,Romania,2009,3.962688135
1785,Russian Federation,2009,10.83213407
1786,Rwanda,2009,0.060310114
1787,Saudi Arabia,2009,15.26569182
1788,Sudan,2009,0.458208051
1789,Senegal,2009,0.540733711
1790,Singapore,2009,7.785350075
1791,Solomon Islands,2009,0.640550355
1792,Sierra Leone,2009,0.082898446
1793,El Salvador,2009,1.084824479
1794,Somalia,2009,0.052058039
1795,Serbia,2009,6.402299491
1796,South Sudan,2009,0.141102992
1797,Sao Tome and Principe,2009,0.51172128
1798,Suriname,2009,2.771867737
1799,Slovakia,2009,6.295477884
1800,Slovenia,2009,7.604175103
1801,Sweden,2009,4.611489154
1802,Swaziland,2009,0.66196231
1803,Seychelles,2009,5.154757132
1804,Syrian Arab Republic,2009,2.862414613
1805,Chad,2009,0.068338263
1806,Togo,2009,0.451139356
1807,Thailand,2009,3.294009621
1808,Tajikistan,2009,0.327234384
1809,Turkmenistan,2009,10.46136004
1810,Tonga,2009,1.347488384
1811,Trinidad and Tobago,2009,14.41418595
1812,Tunisia,2009,2.402692699
1813,Turkey,2009,4.035674599
1814,Tuvalu,2009,0.960338018
1815,Tanzania,2009,0.137670596
1816,Uganda,2009,0.106968566
1817,Ukraine,2009,5.463665486
1818,Uruguay,2009,2.28977372
1819,United States of America,2009,16.80869862
1820,Uzbekistan,2009,4.196647824
1821,Saint Vincent and the Grenadines,2009,8.218444273
1822,Venezuela,2009,5.443613924
1823,Viet Nam,2009,1.51896401
1824,Vanuatu,2009,0.564618384
1825,Samoa,2009,0.975329619
1826,Yemen,2009,1.180025411
1827,South Africa,2009,8.007605605
1828,Zambia,2009,0.188420224
1829,Zimbabwe,2009,0.618665464
1830,Afghanistan,2010,0.243614036
1831,Angola,2010,0.976184198
1832,Albania,2010,1.527623663
1833,Andorra,2010,6.157197775
1834,United Arab Emirates,2010,19.03976975
1835,Argentina,2010,4.099689714
1836,Armenia,2010,1.508351244
1837,Antigua and Barbuda,2010,5.56628433
1838,Australia,2010,17.59006927
1839,Austria,2010,8.365014901
1840,Azerbaijan,2010,2.684902593
1841,Burundi,2010,0.034579718
1842,Belgium,2010,9.794792242
1843,Benin,2010,0.525042566
1844,Burkina Faso,2010,0.146745851
1845,Bangladesh,2010,0.342739986
1846,Bulgaria,2010,6.049544016
1847,Bahrain,2010,20.92896507
1848,Bahamas,2010,5.860211203
1849,Bosnia and Herzegovina,2010,5.624105757
1850,Belarus,2010,6.50264283
1851,Belize,2010,1.736622587
1852,Bolivia,2010,1.509663496
1853,Brazil,2010,2.03322568
1854,Barbados,2010,5.4939016
1855,Brunei Darussalam,2010,18.44923521
1856,Bhutan,2010,0.583513988
1857,Botswana,2010,1.695933627
1858,Central African Republic,2010,0.038752931
1859,Canada,2010,15.79214123
1860,Switzerland,2010,5.777702857
1861,Chile,2010,4.087904661
1862,China,2010,6.335417691
1863,Cote d'Ivoire,2010,0.309259106
1864,Cameroon,2010,0.344620171
1865,Democratic Republic of the Congo,2010,0.04104464
1866,Congo,2010,1.268210657
1867,Colombia,2010,1.405488898
1868,Comoros,2010,0.246485411
1869,Cabo Verde,2010,1.096126252
1870,Costa Rica,2010,1.553293393
1871,Cuba,2010,2.504045857
1872,Cyprus,2010,7.100376945
1873,Czechia,2010,10.71659406
1874,Germany,2010,9.453399722
1875,Djibouti,2010,0.618904659
1876,Dominica,2010,2.539610976
1877,Denmark,2010,8.673891232
1878,Dominican Republic,2010,2.133032567
1879,Algeria,2010,3.173654529
1880,Ecuador,2010,2.481494711
1881,Egypt,2010,2.42033575
1882,Spain,2010,5.866642426
1883,Estonia,2010,14.26988866
1884,Ethiopia,2010,0.073824767
1885,Finland,2010,11.65875348
1886,Fiji,2010,1.349125821
1887,France,2010,5.348198409
1888,Gabon,2010,3.546479337
1889,United Kingdom,2010,7.686282334
1890,Georgia,2010,1.404919111
1891,Ghana,2010,0.451580867
1892,Guinea,2010,0.245286381
1893,Gambia,2010,0.245371539
1894,Guinea-Bissau,2010,0.157624801
1895,Equatorial Guinea,2010,10.54427516
1896,Greece,2010,7.874949777
1897,Grenada,2010,2.730002651
1898,Guatemala,2010,0.802261619
1899,Guyana,2010,2.348451477
1900,Honduras,2010,0.983472529
1901,Croatia,2010,4.530399209
1902,Haiti,2010,0.247253132
1903,Hungary,2010,4.787989094
1904,Indonesia,2010,1.718201745
1905,India,2010,1.344896147
1906,Ireland,2010,8.813296615
1907,Iran,2010,7.336652683
1908,Iraq,2010,3.649723858
1909,Iceland,2010,6.162727567
1910,Israel,2010,9.250222551
1911,Italy,2010,6.836836177
1912,Jamaica,2010,2.661482239
1913,Jordan,2010,2.781778794
1914,Japan,2010,9.030061533
1915,Kazakhstan,2010,14.07314044
1916,Kenya,2010,0.300732682
1917,Kyrgyzstan,2010,1.165586722
1918,Cambodia,2010,0.35913403
1919,Kiribati,2010,0.485767033
1920,Saint Kitts and Nevis,2010,4.896859779
1921,Democratic People's Republic of Korea,2010,11.60791602
1922,Lao People's Democratic Republic,2010,0.460861368
1923,Lebanon,2010,4.21153464
1924,Liberia,2010,0.187595232
1925,Libya,2010,9.608454155
1926,Saint Lucia,2010,3.044367182
1927,Liechtenstein,2010,5.278364196
1928,Sri Lanka,2010,0.645058173
1929,Lesotho,2010,0.275609793
1930,Lithuania,2010,4.068083042
1931,Luxembourg,2010,21.7574405
1932,Latvia,2010,4.061872255
1933,Morocco,2010,1.600327236
1934,Republic of Moldova,2010,2.900589865
1935,Madagascar,2010,0.088409221
1936,Maldives,2010,2.624887153
1937,Mexico,2010,4.056954882
1938,North Macedonia,2010,4.204371545
1939,Malta,2010,6.248371356
1940,Myanmar,2010,0.160669313
1941,Montenegro,2010,4.16513287
1942,Mongolia,2010,5.261219125
1943,Mozambique,2010,0.113889571
1944,Mauritania,2010,0.686852526
1945,Mauritius,2010,2.927063408
1946,Malawi,2010,0.061212099
1947,Malaysia,2010,7.097979384
1948,Niger,2010,0.08321173
1949,Nigeria,2010,0.568190395
1950,Nicaragua,2010,0.774374196
1951,Netherlands,2010,10.29828126
1952,Norway,2010,8.469598181
1953,Nepal,2010,0.171767827
1954,Nauru,2010,3.996403148
1955,New Zealand,2010,7.136782411
1956,Oman,2010,15.47953576
1957,Pakistan,2010,0.783727323
1958,Panama,2010,2.522860045
1959,Peru,2010,1.550244456
1960,Philippines,2010,0.871903845
1961,Papua New Guinea,2010,0.686682408
1962,Poland,2010,8.247028077
1963,"Korea, Dem. People's Rep.",2010,2.10274697
1964,Portugal,2010,4.817886772
1965,Paraguay,2010,0.80665593
1966,Qatar,2010,32.63430234
1967,Romania,2010,3.83367893
1968,Russian Federation,2010,11.32541814
1969,Rwanda,2010,0.059764899
1970,Saudi Arabia,2010,16.26936986
1971,Sudan,2010,0.475321853
1972,Senegal,2010,0.554497627
1973,Singapore,2010,8.353799225
1974,Solomon Islands,2010,0.644108967
1975,Sierra Leone,2010,0.087286748
1976,El Salvador,2010,1.057588947
1977,Somalia,2010,0.052308698
1978,Serbia,2010,6.459632708
1979,South Sudan,2010,0.137773316
1980,Sao Tome and Principe,2010,0.554409784
1981,Suriname,2010,3.288441712
1982,Slovakia,2010,6.571542883
1983,Slovenia,2010,7.70288523
1984,Sweden,2010,5.132155515
1985,Swaziland,2010,0.610419749
1986,Seychelles,2010,4.9014147
1987,Syrian Arab Republic,2010,2.859678544
1988,Chad,2010,0.103747164
1989,Togo,2010,0.409550549
1990,Thailand,2010,3.488055559
1991,Tajikistan,2010,0.325477725
1992,Turkmenistan,2010,11.63309332
1993,Tonga,2010,1.154056965
1994,Trinidad and Tobago,2010,16.1578858
1995,Tunisia,2010,2.587622613
1996,Turkey,2010,4.107871448
1997,Tuvalu,2010,0.950479971
1998,Tanzania,2010,0.155818269
1999,Uganda,2010,0.102688512
2000,Ukraine,2010,5.862560917
2001,Uruguay,2010,1.869452173
2002,United States of America,2010,17.43173849
2003,Uzbekistan,2010,4.419796581
2004,Saint Vincent and the Grenadines,2010,2.309255496
2005,Venezuela,2010,5.770054176
2006,Viet Nam,2010,1.721200863
2007,Vanuatu,2010,0.550343733
2008,Samoa,2010,1.021813006
2009,Yemen,2010,1.098257856
2010,South Africa,2010,8.304084027
2011,Zambia,2010,0.195502192
2012,Zimbabwe,2010,0.756040796
2013,Afghanistan,2011,0.29650624
2014,Angola,2011,0.985522312
2015,Albania,2011,1.66942319
2016,Andorra,2011,5.850886105
2017,United Arab Emirates,2011,18.50945738
2018,Argentina,2011,4.280989353
2019,Armenia,2011,1.71734338
2020,Antigua and Barbuda,2011,6.050420408
2021,Australia,2011,17.29541584
2022,Austria,2011,8.135474381
2023,Azerbaijan,2011,2.973918764
2024,Burundi,2011,0.040185722
2025,Belgium,2011,8.740505152
2026,Benin,2011,0.491500279
2027,Burkina Faso,2011,0.15296686
2028,Bangladesh,2011,0.364566595
2029,Bulgaria,2011,6.755278124
2030,Bahrain,2011,20.35750059
2031,Bahamas,2011,7.147167506
2032,Bosnia and Herzegovina,2011,6.484260583
2033,Belarus,2011,6.18814293
2034,Belize,2011,2.028852144
2035,Bolivia,2011,1.626366425
2036,Brazil,2011,2.117869375
2037,Barbados,2011,6.219366934
2038,Brunei Darussalam,2011,18.61885184
2039,Bhutan,2011,0.851006097
2040,Botswana,2011,1.925170469
2041,Central African Republic,2011,0.042999665
2042,Canada,2011,15.9959443
2043,Switzerland,2011,5.205754138
2044,Chile,2011,4.437266283
2045,China,2011,6.901344429
2046,Cote d'Ivoire,2011,0.291031488
2047,Cameroon,2011,0.325737695
2048,Democratic Republic of the Congo,2011,0.045239954
2049,Congo,2011,1.224162351
2050,Colombia,2011,1.51326854
2051,Comoros,2011,0.212290796
2052,Cabo Verde,2011,1.142609706
2053,Costa Rica,2011,1.603682692
2054,Cuba,2011,2.455353561
2055,Cyprus,2011,6.783205135
2056,Czechia,2011,10.4010178
2057,Germany,2011,9.299036295
2058,Djibouti,2011,0.562277492
2059,Dominica,2011,2.538357502
2060,Denmark,2011,7.73708669
2061,Dominican Republic,2011,2.130799267
2062,Algeria,2011,3.294742583
2063,Ecuador,2011,2.433762684
2064,Egypt,2011,2.434305307
2065,Spain,2011,5.87043563
2066,Estonia,2011,13.68801133
2067,Ethiopia,2011,0.083647726
2068,Finland,2011,10.22962444
2069,Fiji,2011,1.285539092
2070,France,2011,5.128951791
2071,Gabon,2011,3.431022623
2072,United Kingdom,2011,7.043919991
2073,Georgia,2011,1.735685448
2074,Ghana,2011,0.462822311
2075,Guinea,2011,0.251428453
2076,Gambia,2011,0.243487777
2077,Guinea-Bissau,2011,0.153551253
2078,Equatorial Guinea,2011,10.12300595
2079,Greece,2011,7.61375705
2080,Grenada,2011,2.903002289
2081,Guatemala,2011,0.808455576
2082,Guyana,2011,2.433416853
2083,Honduras,2011,1.038833066
2084,Croatia,2011,4.445615774
2085,Haiti,2011,0.267318268
2086,Hungary,2011,4.704300453
2087,Indonesia,2011,1.939122786
2088,India,2011,1.405068333
2089,Ireland,2011,8.008586809
2090,Iran,2011,7.396667663
2091,Iraq,2011,3.679052199
2092,Iceland,2011,5.924504836
2093,Israel,2011,8.990702786
2094,Italy,2011,6.680594198
2095,Jamaica,2011,2.664607715
2096,Jordan,2011,2.709171986
2097,Japan,2011,9.493010565
2098,Kazakhstan,2011,14.82436446
2099,Kenya,2011,0.301772158
2100,Kyrgyzstan,2011,1.38178651
2101,Cambodia,2011,0.368602225
2102,Kiribati,2011,0.477395338
2103,Saint Kitts and Nevis,2011,5.663201351
2104,Democratic People's Republic of Korea,2011,11.98478721
2105,Lao People's Democratic Republic,2011,0.478923877
2106,Lebanon,2011,4.071493797
2107,Liberia,2011,0.211577212
2108,Libya,2011,6.714752633
2109,Saint Lucia,2011,3.361095454
2110,Liechtenstein,2011,4.958814489
2111,Sri Lanka,2011,0.755938089
2112,Lesotho,2011,0.284460517
2113,Lithuania,2011,3.913325743
2114,Luxembourg,2011,21.02838372
2115,Latvia,2011,3.835493313
2116,Morocco,2011,1.706431503
2117,Republic of Moldova,2011,2.916254254
2118,Madagascar,2011,0.100717581
2119,Maldives,2011,2.654450911
2120,Mexico,2011,4.134993377
2121,North Macedonia,2011,4.624639348
2122,Malta,2011,6.173907034
2123,Myanmar,2011,0.17042352
2124,Montenegro,2011,4.09625219
2125,Mongolia,2011,5.677968414
2126,Mozambique,2011,0.138501288
2127,Mauritania,2011,0.68359045
2128,Mauritius,2011,2.906410475
2129,Malawi,2011,0.062156976
2130,Malaysia,2011,7.07620238
2131,Niger,2011,0.082384979
2132,Nigeria,2011,0.583519875
2133,Nicaragua,2011,0.808058902
2134,Netherlands,2011,9.511130441
2135,Norway,2011,7.995012096
2136,Nepal,2011,0.192299009
2137,Nauru,2011,3.972589046
2138,New Zealand,2011,6.909215537
2139,Oman,2011,16.49286886
2140,Pakistan,2011,0.772880261
2141,Panama,2011,2.695280284
2142,Peru,2011,1.654916644
2143,Philippines,2011,0.86460139
2144,Papua New Guinea,2011,0.690560024
2145,Poland,2011,8.159838047
2146,"Korea, Dem. People's Rep.",2011,1.503644026
2147,Portugal,2011,4.723629222
2148,Paraguay,2011,0.824126215
2149,Qatar,2011,33.4944129
2150,Romania,2011,4.172223886
2151,Russian Federation,2011,11.88499702
2152,Rwanda,2011,0.066062179
2153,Saudi Arabia,2011,16.40642066
2154,Sudan,2011,0.450357737
2155,Senegal,2011,0.580797008
2156,Singapore,2011,8.636708162
2157,Solomon Islands,2011,0.646326454
2158,Sierra Leone,2011,0.112749227
2159,El Salvador,2011,1.091687798
2160,Somalia,2011,0.050903722
2161,Serbia,2011,7.081738796
2162,South Sudan,2011,0.130204423
2163,Sao Tome and Principe,2011,0.541943743
2164,Suriname,2011,3.643654431
2165,Slovakia,2011,6.320409762
2166,Slovenia,2011,7.647930119
2167,Sweden,2011,4.717853416
2168,Swaziland,2011,0.615655011
2169,Seychelles,2011,4.688875887
2170,Syrian Arab Republic,2011,2.699957327
2171,Chad,2011,0.088989667
2172,Togo,2011,0.382053257
2173,Thailand,2011,3.459798792
2174,Tajikistan,2011,0.332575202
2175,Turkmenistan,2011,12.649601
2176,Tonga,2011,1.06220668
2177,Trinidad and Tobago,2011,16.65943228
2178,Tunisia,2011,2.452086578
2179,Turkey,2011,4.32606106
2180,Tuvalu,2011,0.941087877
2181,Tanzania,2011,0.179316146
2182,Uganda,2011,0.111719254
2183,Ukraine,2011,6.199174358
2184,Uruguay,2011,2.258880169
2185,United States of America,2011,16.60421817
2186,Uzbekistan,2011,4.384207069
2187,Saint Vincent and the Grenadines,2011,2.492729638
2188,Venezuela,2011,5.540040739
2189,Viet Nam,2011,1.755008127
2190,Vanuatu,2011,0.535733399
2191,Samoa,2011,1.066843067
2192,Yemen,2011,0.963978488
2193,South Africa,2011,7.869815906
2194,Zambia,2011,0.217496732
2195,Zimbabwe,2011,0.88488553
2196,Afghanistan,2012,0.259295334
2197,Angola,2012,0.950695879
2198,Albania,2012,1.50324046
2199,Andorra,2012,5.944654173
2200,United Arab Emirates,2012,19.20780112
2201,Argentina,2012,4.264223782
2202,Armenia,2012,1.983192027
2203,Antigua and Barbuda,2012,7.74276315
2204,Australia,2012,17.02204223
2205,Austria,2012,7.723614487
2206,Azerbaijan,2012,3.239102868
2207,Burundi,2012,0.04001734
2208,Belgium,2012,8.577525877
2209,Benin,2012,0.456355652
2210,Burkina Faso,2012,0.177415687
2211,Bangladesh,2012,0.384025166
2212,Bulgaria,2012,6.16215311
2213,Bahrain,2012,20.90093256
2214,Bahamas,2012,9.763986436
2215,Bosnia and Herzegovina,2012,6.091586588
2216,Belarus,2012,6.344981391
2217,Belize,2012,1.982242705
2218,Bolivia,2012,1.678603032
2219,Brazil,2012,2.279272333
2220,Barbados,2012,7.472734688
2221,Brunei Darussalam,2012,18.29587739
2222,Bhutan,2012,0.912224067
2223,Botswana,2012,1.67193666
2224,Central African Republic,2012,0.045081487
2225,Canada,2012,15.73447396
2226,Switzerland,2012,5.317086349
2227,Chile,2012,4.506229076
2228,China,2012,7.046182675
2229,Cote d'Ivoire,2012,0.373134534
2230,Cameroon,2012,0.320219438
2231,Democratic Republic of the Congo,2012,0.041002162
2232,Congo,2012,1.166246226
2233,Colombia,2012,1.512727212
2234,Comoros,2012,0.221035685
2235,Cabo Verde,2012,1.04900428
2236,Costa Rica,2012,1.589162765
2237,Cuba,2012,2.548611094
2238,Cyprus,2012,6.255253007
2239,Czechia,2012,10.09153928
2240,Germany,2012,9.451317705
2241,Djibouti,2012,0.575946626
2242,Dominica,2012,3.523409533
2243,Denmark,2012,6.835287325
2244,Dominican Republic,2012,2.183081632
2245,Algeria,2012,3.609307651
2246,Ecuador,2012,2.396908547
2247,Egypt,2012,2.487785551
2248,Spain,2012,5.756946794
2249,Estonia,2012,12.7693736
2250,Ethiopia,2012,0.091451262
2251,Finland,2012,9.126387978
2252,Fiji,2012,1.19066194
2253,France,2012,5.154142128
2254,Gabon,2012,3.200590683
2255,United Kingdom,2012,7.343460282
2256,Georgia,2012,1.928196034
2257,Ghana,2012,0.561999712
2258,Guinea,2012,0.23281943
2259,Gambia,2012,0.241467286
2260,Guinea-Bissau,2012,0.155765084
2261,Equatorial Guinea,2012,9.522968776
2262,Greece,2012,7.251237354
2263,Grenada,2012,3.81565719
2264,Guatemala,2012,0.821948809
2265,Guyana,2012,2.647645978
2266,Honduras,2012,1.06935877
2267,Croatia,2012,4.079616457
2268,Haiti,2012,0.236076333
2269,Hungary,2012,4.377864468
2270,Indonesia,2012,1.938042616
2271,India,2012,1.508508252
2272,Ireland,2012,8.072558903
2273,Iran,2012,7.40165311
2274,Iraq,2012,4.045153699
2275,Iceland,2012,5.799523611
2276,Israel,2012,9.615068271
2277,Italy,2012,6.327708948
2278,Jamaica,2012,2.448869311
2279,Jordan,2012,2.98147233
2280,Japan,2012,9.822297325
2281,Kazakhstan,2012,14.56638251
2282,Kenya,2012,0.273997499
2283,Kyrgyzstan,2012,1.794121918
2284,Cambodia,2012,0.383614744
2285,Kiribati,2012,0.564127142
2286,Saint Kitts and Nevis,2012,6.816222682
2287,Democratic People's Republic of Korea,2012,11.9586009
2288,Lao People's Democratic Republic,2012,0.50740729
2289,Lebanon,2012,4.238282748
2290,Liberia,2012,0.229709292
2291,Libya,2012,9.168355709
2292,Saint Lucia,2012,4.245587419
2293,Liechtenstein,2012,5.189130073
2294,Sri Lanka,2012,0.824969419
2295,Lesotho,2012,0.307694142
2296,Lithuania,2012,3.992940664
2297,Luxembourg,2012,20.13387346
2298,Latvia,2012,3.721147063
2299,Morocco,2012,1.747192709
2300,Republic of Moldova,2012,2.846693444
2301,Madagascar,2012,0.122613506
2302,Maldives,2012,2.869866616
2303,Mexico,2012,4.147972825
2304,North Macedonia,2012,4.390978645
2305,Malta,2012,6.475758827
2306,Myanmar,2012,0.232622809
2307,Montenegro,2012,3.754425023
2308,Mongolia,2012,6.067905096
2309,Mozambique,2012,0.14801305
2310,Mauritania,2012,0.736532985
2311,Mauritius,2012,2.970024269
2312,Malawi,2012,0.061704298
2313,Malaysia,2012,7.080248362
2314,Niger,2012,0.106208361
2315,Nigeria,2012,0.570117077
2316,Nicaragua,2012,0.783949275
2317,Netherlands,2012,9.398409929
2318,Norway,2012,7.66951117
2319,Nepal,2012,0.222311476
2320,Nauru,2012,3.946329825
2321,New Zealand,2012,7.284317645
2322,Oman,2012,17.30973775
2323,Pakistan,2012,0.767887129
2324,Panama,2012,2.774068569
2325,Peru,2012,1.630811042
2326,Philippines,2012,0.886510244
2327,Papua New Guinea,2012,0.640806964
2328,Poland,2012,7.969647665
2329,"Korea, Dem. People's Rep.",2012,1.551572969
2330,Portugal,2012,4.585897919
2331,Paraguay,2012,0.806663826
2332,Qatar,2012,34.18822184
2333,Romania,2012,4.080658872
2334,Russian Federation,2012,11.70209407
2335,Rwanda,2012,0.071092285
2336,Saudi Arabia,2012,16.89149679
2337,Sudan,2012,0.436539089
2338,Senegal,2012,0.555887582
2339,Singapore,2012,8.22409727
2340,Solomon Islands,2012,0.629421677
2341,Sierra Leone,2012,0.128117541
2342,El Salvador,2012,1.085297312
2343,Somalia,2012,0.04954588
2344,Serbia,2012,6.360537735
2345,South Sudan,2012,0.140404329
2346,Sao Tome and Principe,2012,0.636962946
2347,Suriname,2012,4.508108234
2348,Slovakia,2012,5.982344127
2349,Slovenia,2012,7.349942268
2350,Sweden,2012,4.426761612
2351,Swaziland,2012,0.630046751
2352,Seychelles,2012,4.86959681
2353,Syrian Arab Republic,2012,2.301008788
2354,Chad,2012,0.145485857
2355,Togo,2012,0.330685538
2356,Thailand,2012,3.695384563
2357,Tajikistan,2012,0.38349995
2358,Turkmenistan,2012,13.1000823
2359,Tonga,2012,1.070705492
2360,Trinidad and Tobago,2012,16.00221329
2361,Tunisia,2012,2.562000447
2362,Turkey,2012,4.40556459
2363,Tuvalu,2012,0.930752027
2364,Tanzania,2012,0.209763309
2365,Uganda,2012,0.109379114
2366,Ukraine,2012,6.077860784
2367,Uruguay,2012,2.521474843
2368,United States of America,2012,15.78978264
2369,Uzbekistan,2012,3.799895864
2370,Saint Vincent and the Grenadines,2012,3.319961399
2371,Venezuela,2012,6.169104327
2372,Viet Nam,2012,1.731811457
2373,Vanuatu,2012,0.480952275
2374,Samoa,2012,1.057703002
2375,Yemen,2012,0.858490955
2376,South Africa,2012,8.077957969
2377,Zambia,2012,0.27860069
2378,Zimbabwe,2012,0.915734944
2379,Afghanistan,2013,0.18562366
2380,Angola,2013,1.036293852
2381,Albania,2013,1.533630039
2382,Andorra,2013,5.942800412
2383,United Arab Emirates,2013,20.05564757
2384,Argentina,2013,4.342115069
2385,Armenia,2013,1.89812717
2386,Antigua and Barbuda,2013,5.136050692
2387,Australia,2013,16.44231571
2388,Austria,2013,7.753699576
2389,Azerbaijan,2013,3.285616903
2390,Burundi,2013,0.040879208
2391,Belgium,2013,8.655477512
2392,Benin,2013,0.467785082
2393,Burkina Faso,2013,0.183332656
2394,Bangladesh,2013,0.396697028
2395,Bulgaria,2013,5.458963808
2396,Bahrain,2013,21.93867997
2397,Bahamas,2013,7.653297299
2398,Bosnia and Herzegovina,2013,6.167789961
2399,Belarus,2013,6.352712195
2400,Belize,2013,1.330606578
2401,Bolivia,2013,1.777588045
2402,Brazil,2013,2.421656961
2403,Barbados,2013,5.065179206
2404,Brunei Darussalam,2013,17.82826519
2405,Bhutan,2013,0.94334976
2406,Botswana,2013,2.627813846
2407,Central African Republic,2013,0.02697875
2408,Canada,2013,15.83846027
2409,Switzerland,2013,5.381151799
2410,Chile,2013,4.723555077
2411,China,2013,7.324147115
2412,Cote d'Ivoire,2013,0.393435075
2413,Cameroon,2013,0.341980233
2414,Democratic Republic of the Congo,2013,0.055494204
2415,Congo,2013,1.152991586
2416,Colombia,2013,1.653063497
2417,Comoros,2013,0.256233552
2418,Cabo Verde,2013,0.996599817
2419,Costa Rica,2013,1.640619591
2420,Cuba,2013,2.558779773
2421,Cyprus,2013,5.621287658
2422,Czechia,2013,9.620257259
2423,Germany,2013,9.62420735
2424,Djibouti,2013,0.633989062
2425,Dominica,2013,2.393725648
2426,Denmark,2013,7.116737849
2427,Dominican Republic,2013,2.118782053
2428,Algeria,2013,3.644979345
2429,Ecuador,2013,2.52745943
2430,Egypt,2013,2.419103472
2431,Spain,2013,5.208274629
2432,Estonia,2013,14.65860673
2433,Ethiopia,2013,0.105676114
2434,Finland,2013,9.22784648
2435,Fiji,2013,1.305449843
2436,France,2013,5.12979914
2437,Gabon,2013,3.186448492
2438,United Kingdom,2013,7.075818333
2439,Georgia,2013,2.108848922
2440,Ghana,2013,0.587425248
2441,Guinea,2013,0.200131818
2442,Gambia,2013,0.224065899
2443,Guinea-Bissau,2013,0.151675192
2444,Equatorial Guinea,2013,8.528333301
2445,Greece,2013,6.609996229
2446,Grenada,2013,2.958251607
2447,Guatemala,2013,0.864132971
2448,Guyana,2013,2.607730233
2449,Honduras,2013,1.064951336
2450,Croatia,2013,3.997002654
2451,Haiti,2013,0.254791238
2452,Hungary,2013,4.120050589
2453,Indonesia,2013,1.778914016
2454,India,2013,1.539947839
2455,Ireland,2013,7.723057986
2456,Iran,2013,7.631864943
2457,Iraq,2013,4.195185035
2458,Iceland,2013,6.269999047
2459,Israel,2013,8.313170792
2460,Italy,2013,5.751905744
2461,Jamaica,2013,2.588580197
2462,Jordan,2013,2.79375767
2463,Japan,2013,9.908431318
2464,Kazakhstan,2013,15.26278838
2465,Kenya,2013,0.309754058
2466,Kyrgyzstan,2013,1.639974843
2467,Cambodia,2013,0.381996121
2468,Kiribati,2013,0.556137428
2469,Saint Kitts and Nevis,2013,4.570020747
2470,Democratic People's Republic of Korea,2013,11.89000868
2471,Lao People's Democratic Republic,2013,0.635958995
2472,Lebanon,2013,3.930312343
2473,Liberia,2013,0.216555329
2474,Libya,2013,9.273220725
2475,Saint Lucia,2013,2.873158449
2476,Liechtenstein,2013,5.143475842
2477,Sri Lanka,2013,0.703424802
2478,Lesotho,2013,0.30071067
2479,Lithuania,2013,3.830693465
2480,Luxembourg,2013,18.68006408
2481,Latvia,2013,3.701592882
2482,Morocco,2013,1.708106064
2483,Republic of Moldova,2013,2.51163813
2484,Madagascar,2013,0.127606246
2485,Maldives,2013,2.719012867
2486,Mexico,2013,4.003630132
2487,North Macedonia,2013,3.943737473
2488,Malta,2013,5.563811012
2489,Myanmar,2013,0.262282625
2490,Montenegro,2013,3.654176435
2491,Mongolia,2013,6.377995554
2492,Mozambique,2013,0.164314407
2493,Mauritania,2013,0.678454997
2494,Mauritius,2013,3.034990528
2495,Malawi,2013,0.061871473
2496,Malaysia,2013,7.589690457
2497,Niger,2013,0.106461818
2498,Nigeria,2013,0.629519877
2499,Nicaragua,2013,0.737324175
2500,Netherlands,2013,9.348128895
2501,Norway,2013,7.776167641
2502,Nepal,2013,0.226252797
2503,Nauru,2013,4.898119195
2504,New Zealand,2013,7.179036805
2505,Oman,2013,16.73659016
2506,Pakistan,2013,0.763669285
2507,Panama,2013,2.672439484
2508,Peru,2013,1.670921723
2509,Philippines,2013,0.965899617
2510,Papua New Guinea,2013,0.672796447
2511,Poland,2013,7.841704806
2512,"Korea, Dem. People's Rep.",2013,1.108325444
2513,Portugal,2013,4.452394369
2514,Paraguay,2013,0.814097994
2515,Qatar,2013,32.5989398
2516,Romania,2013,3.607441144
2517,Russian Federation,2013,11.37700677
2518,Rwanda,2013,0.074919961
2519,Saudi Arabia,2013,16.74461002
2520,Sudan,2013,0.410546299
2521,Senegal,2013,0.581174786
2522,Singapore,2013,8.132743535
2523,Solomon Islands,2013,0.682618921
2524,Sierra Leone,2013,0.151515698
2525,El Salvador,2013,1.030948242
2526,Somalia,2013,0.049756151
2527,Serbia,2013,6.486480319
2528,South Sudan,2013,0.14002857
2529,Sao Tome and Principe,2013,0.624752688
2530,Suriname,2013,4.184215025
2531,Slovakia,2013,6.081213422
2532,Slovenia,2013,7.063268041
2533,Sweden,2013,4.222750051
2534,Swaziland,2013,0.690072071
2535,Seychelles,2013,4.669312465
2536,Syrian Arab Republic,2013,1.568049344
2537,Chad,2013,0.165652672
2538,Togo,2013,0.251627635
2539,Thailand,2013,3.825693042
2540,Tajikistan,2013,0.397033077
2541,Turkmenistan,2013,13.08518099
2542,Tonga,2013,1.179152556
2543,Trinidad and Tobago,2013,16.4067872
2544,Tunisia,2013,2.542694244
2545,Turkey,2013,4.190557931
2546,Tuvalu,2013,0.921743919
2547,Tanzania,2013,0.222964152
2548,Uganda,2013,0.103377218
2549,Ukraine,2013,5.941351514
2550,Uruguay,2013,2.171452753
2551,United States of America,2013,16.11118443
2552,Uzbekistan,2013,3.698682699
2553,Saint Vincent and the Grenadines,2013,2.117395826
2554,Venezuela,2013,6.058551223
2555,Viet Nam,2013,1.810416624
2556,Vanuatu,2013,0.428620968
2557,Samoa,2013,1.048701723
2558,Yemen,2013,1.106687715
2559,South Africa,2013,8.138264312
2560,Zambia,2013,0.284057568
2561,Zimbabwe,2013,0.919824123
2562,Afghanistan,2014,0.146235617
2563,Angola,2014,1.099779111
2564,Albania,2014,1.668337371
2565,Andorra,2014,5.807127723
2566,United Arab Emirates,2014,20.05169797
2567,Argentina,2014,4.209095633
2568,Armenia,2014,1.881607737
2569,Antigua and Barbuda,2014,5.185713244
2570,Australia,2014,15.83042152
2571,Austria,2014,7.260404228
2572,Azerbaijan,2014,3.38119922
2573,Burundi,2014,0.038601013
2574,Belgium,2014,8.041711215
2575,Benin,2014,0.50452817
2576,Burkina Faso,2014,0.180825362
2577,Bangladesh,2014,0.413092687
2578,Bulgaria,2014,5.820924714
2579,Bahrain,2014,22.66343283
2580,Bahamas,2014,6.799325412
2581,Bosnia and Herzegovina,2014,5.597187383
2582,Belarus,2014,6.29728587
2583,Belize,2014,1.358364951
2584,Bolivia,2014,1.90631555
2585,Brazil,2014,2.523232137
2586,Barbados,2014,4.458878192
2587,Brunei Darussalam,2014,17.27764771
2588,Bhutan,2014,0.973502632
2589,Botswana,2014,3.346708888
2590,Central African Republic,2014,0.029120747
2591,Canada,2014,15.84990541
2592,Switzerland,2014,4.859165525
2593,Chile,2014,4.311060938
2594,China,2014,7.294235506
2595,Cote d'Ivoire,2014,0.406222759
2596,Cameroon,2014,0.363726897
2597,Democratic Republic of the Congo,2014,0.069678432
2598,Congo,2014,1.095638253
2599,Colombia,2014,1.686264961
2600,Comoros,2014,0.223863893
2601,Cabo Verde,2014,0.964736936
2602,Costa Rica,2014,1.63281817
2603,Cuba,2014,2.3605037
2604,Cyprus,2014,5.909934629
2605,Czechia,2014,9.264302843
2606,Germany,2014,9.088506897
2607,Djibouti,2014,0.445083888
2608,Dominica,2014,2.531966172
2609,Denmark,2014,6.347153074
2610,Dominican Republic,2014,2.110144291
2611,Algeria,2014,3.795632251
2612,Ecuador,2014,2.620388632
2613,Egypt,2014,2.423232509
2614,Spain,2014,5.184067004
2615,Estonia,2014,13.64730803
2616,Ethiopia,2014,0.125797367
2617,Finland,2014,8.451871908
2618,Fiji,2014,1.488838858
2619,France,2014,4.616052854
2620,Gabon,2014,3.163816156
2621,United Kingdom,2014,6.43320778
2622,Georgia,2014,2.277240519
2623,Ghana,2014,0.554280565
2624,Guinea,2014,0.200879386
2625,Gambia,2014,0.25691229
2626,Guinea-Bissau,2014,0.159533648
2627,Equatorial Guinea,2014,7.048195802
2628,Greece,2014,6.385178661
2629,Grenada,2014,2.295684114
2630,Guatemala,2014,0.911388463
2631,Guyana,2014,2.698556721
2632,Honduras,2014,1.056324782
2633,Croatia,2014,3.831644469
2634,Haiti,2014,0.286282868
2635,Hungary,2014,4.11798843
2636,Indonesia,2014,1.896733638
2637,India,2014,1.657231271
2638,Ireland,2014,7.628162753
2639,Iran,2014,7.81441898
2640,Iraq,2014,3.895158431
2641,Iceland,2014,6.261721492
2642,Israel,2014,7.877600353
2643,Italy,2014,5.38747546
2644,Jamaica,2014,2.500750419
2645,Jordan,2014,2.864728014
2646,Japan,2014,9.562839774
2647,Kazakhstan,2014,12.10241477
2648,Kenya,2014,0.324410689
2649,Kyrgyzstan,2014,1.663953395
2650,Cambodia,2014,0.455006519
2651,Kiribati,2014,0.548511237
2652,Saint Kitts and Nevis,2014,4.529699153
2653,Democratic People's Republic of Korea,2014,11.58874374
2654,Lao People's Democratic Republic,2014,0.653637811
2655,Lebanon,2014,4.016900629
2656,Liberia,2014,0.2798481
2657,Libya,2014,9.116574105
2658,Saint Lucia,2014,2.860235383
2659,Liechtenstein,2014,4.298879508
2660,Sri Lanka,2014,0.847049783
2661,Lesotho,2014,0.298515066
2662,Lithuania,2014,3.703492659
2663,Luxembourg,2014,17.34616222
2664,Latvia,2014,3.651352159
2665,Morocco,2014,1.716465376
2666,Republic of Moldova,2014,2.698682174
2667,Madagascar,2014,0.127596996
2668,Maldives,2014,3.149294983
2669,Mexico,2014,3.840633659
2670,North Macedonia,2014,3.724356864
2671,Malta,2014,5.430805313
2672,Myanmar,2014,0.325932191
2673,Montenegro,2014,3.570222461
2674,Mongolia,2014,6.163032906
2675,Mozambique,2014,0.184887949
2676,Mauritania,2014,0.737745687
2677,Mauritius,2014,3.132598572
2678,Malawi,2014,0.052180694
2679,Malaysia,2014,7.923564998
2680,Niger,2014,0.11174531
2681,Nigeria,2014,0.650945533
2682,Nicaragua,2014,0.774899292
2683,Netherlands,2014,8.881703067
2684,Norway,2014,7.613049325
2685,Nepal,2014,0.264996837
2686,Nauru,2014,4.859558824
2687,New Zealand,2014,7.078489829
2688,Oman,2014,16.48517399
2689,Pakistan,2014,0.789739106
2690,Panama,2014,2.758047289
2691,Peru,2014,1.76701033
2692,Philippines,2014,1.013001909
2693,Papua New Guinea,2014,0.741185071
2694,Poland,2014,7.516889481
2695,"Korea, Dem. People's Rep.",2014,1.246318841
2696,Portugal,2014,4.415895252
2697,Paraguay,2014,0.853091846
2698,Qatar,2014,33.20589511
2699,Romania,2014,3.593353578
2700,Russian Federation,2014,11.20820257
2701,Rwanda,2014,0.077591916
2702,Saudi Arabia,2014,17.48316332
2703,Sudan,2014,0.42446012
2704,Senegal,2014,0.604596606
2705,Singapore,2014,8.117411688
2706,Solomon Islands,2014,0.579138418
2707,Sierra Leone,2014,0.163884125
2708,El Salvador,2014,1.046841993
2709,Somalia,2014,0.048422285
2710,Serbia,2014,5.463794101
2711,South Sudan,2014,0.144956615
2712,Sao Tome and Principe,2014,0.613098843
2713,Suriname,2014,4.735413094
2714,Slovakia,2014,5.617636524
2715,Slovenia,2014,6.357966448
2716,Sweden,2014,4.030482516
2717,Swaziland,2014,0.684917746
2718,Seychelles,2014,5.14453966
2719,Syrian Arab Republic,2014,1.422180088
2720,Chad,2014,0.165403428
2721,Togo,2014,0.222751569
2722,Thailand,2014,3.752260164
2723,Tajikistan,2014,0.554961272
2724,Turkmenistan,2014,13.06179464
2725,Tonga,2014,1.088860947
2726,Trinidad and Tobago,2014,16.17808289
2727,Tunisia,2014,2.707174624
2728,Turkey,2014,4.410763561
2729,Tuvalu,2014,0.911327784
2730,Tanzania,2014,0.214369082
2731,Uganda,2014,0.111347325
2732,Ukraine,2014,5.25113054
2733,Uruguay,2014,1.911517895
2734,United States of America,2014,16.04092103
2735,Uzbekistan,2014,3.409552819
2736,Saint Vincent and the Grenadines,2014,2.480067703
2737,Venezuela,2014,5.966120779
2738,Viet Nam,2014,1.97211212
2739,Vanuatu,2014,0.606317818
2740,Samoa,2014,1.092498145
2741,Yemen,2014,1.062211282
2742,South Africa,2014,8.212241156
2743,Zambia,2014,0.304549552
2744,Zimbabwe,2014,0.889104126
2745,Afghanistan,2015,0.172896741
2746,Angola,2015,1.13504405
2747,Albania,2015,1.60377515
2748,Andorra,2015,6.026181822
2749,United Arab Emirates,2015,21.07764197
2750,Argentina,2015,4.301913876
2751,Armenia,2015,1.825292244
2752,Antigua and Barbuda,2015,5.236665308
2753,Australia,2015,15.863288
2754,Austria,2015,7.317158873
2755,Azerbaijan,2015,3.292452869
2756,Burundi,2015,0.039369948
2757,Belgium,2015,8.437851999
2758,Benin,2015,0.520992816
2759,Burkina Faso,2015,0.204300066
2760,Bangladesh,2015,0.461997426
2761,Bulgaria,2015,6.207865317
2762,Bahrain,2015,22.29101801
2763,Bahamas,2015,5.905932758
2764,Bosnia and Herzegovina,2015,5.721181036
2765,Belarus,2015,5.79426692
2766,Belize,2015,1.884042732
2767,Bolivia,2015,1.909890716
2768,Brazil,2015,2.373628508
2769,Barbados,2015,4.451033309
2770,Brunei Darussalam,2015,15.42488346
2771,Bhutan,2015,1.057859388
2772,Botswana,2015,3.277194971
2773,Central African Republic,2015,0.042286394
2774,Canada,2015,15.64858561
2775,Switzerland,2015,4.719648777
2776,Chile,2015,4.576124117
2777,China,2015,7.146449357
2778,Cote d'Ivoire,2015,0.422368807
2779,Cameroon,2015,0.363115439
2780,Democratic Republic of the Congo,2015,0.042363694
2781,Congo,2015,1.165546016
2782,Colombia,2015,1.688318124
2783,Comoros,2015,0.244393419
2784,Cabo Verde,2015,0.952852841
2785,Costa Rica,2015,1.55534308
2786,Cuba,2015,2.579300156
2787,Cyprus,2015,5.900152116
2788,Czechia,2015,9.400668002
2789,Germany,2015,9.087290909
2790,Djibouti,2015,0.503283386
2791,Dominica,2015,2.528977972
2792,Denmark,2015,5.929462754
2793,Dominican Republic,2015,2.294373257
2794,Algeria,2015,3.933495912
2795,Ecuador,2015,2.56106243
2796,Egypt,2015,2.44779056
2797,Spain,2015,5.51794436
2798,Estonia,2015,11.81383402
2799,Ethiopia,2015,0.127832027
2800,Finland,2015,7.814537356
2801,Fiji,2015,1.588704993
2802,France,2015,4.677807228
2803,Gabon,2015,3.142183759
2804,United Kingdom,2015,6.159448333
2805,Georgia,2015,2.469615623
2806,Ghana,2015,0.566623028
2807,Guinea,2015,0.222181476
2808,Gambia,2015,0.254091824
2809,Guinea-Bissau,2015,0.16117826
2810,Equatorial Guinea,2015,5.622232353
2811,Greece,2015,6.28506954
2812,Grenada,2015,2.463436318
2813,Guatemala,2015,1.049628082
2814,Guyana,2015,2.710334223
2815,Honduras,2015,1.089663658
2816,Croatia,2015,3.948992432
2817,Haiti,2015,0.30666988
2818,Hungary,2015,4.407180501
2819,Indonesia,2015,1.890795841
2820,India,2015,1.647151914
2821,Ireland,2015,7.881824817
2822,Iran,2015,7.633623871
2823,Iraq,2015,3.743646439
2824,Iceland,2015,6.227045154
2825,Israel,2015,7.892507176
2826,Italy,2015,5.563259469
2827,Jamaica,2015,2.452418296
2828,Jordan,2015,2.731322514
2829,Japan,2015,9.276629423
2830,Kazakhstan,2015,10.87226272
2831,Kenya,2015,0.359452718
2832,Kyrgyzstan,2015,1.724051177
2833,Cambodia,2015,0.543119905
2834,Kiribati,2015,0.540896253
2835,Saint Kitts and Nevis,2015,4.687133713
2836,Democratic People's Republic of Korea,2015,11.91474367
2837,Lao People's Democratic Republic,2015,1.317280722
2838,Lebanon,2015,4.134596535
2839,Liberia,2015,0.281738701
2840,Libya,2015,7.997426401
2841,Saint Lucia,2015,2.791253329
2842,Liechtenstein,2015,4.270652514
2843,Sri Lanka,2015,0.970910854
2844,Lesotho,2015,0.315685529
2845,Lithuania,2015,3.810789214
2846,Luxembourg,2015,16.02867977
2847,Latvia,2015,3.701593036
2848,Morocco,2015,1.742749914
2849,Republic of Moldova,2015,2.829393394
2850,Madagascar,2015,0.135346585
2851,Maldives,2015,3.011558239
2852,Mexico,2015,3.870316544
2853,North Macedonia,2015,3.579319286
2854,Malta,2015,3.729892769
2855,Myanmar,2015,0.361422537
2856,Montenegro,2015,3.793242395
2857,Mongolia,2015,5.769680109
2858,Mozambique,2015,0.204126905
2859,Mauritania,2015,0.879815244
2860,Mauritius,2015,3.136372847
2861,Malawi,2015,0.055537956
2862,Malaysia,2015,7.814088295
2863,Niger,2015,0.105491223
2864,Nigeria,2015,0.594907347
2865,Nicaragua,2015,0.846826583
2866,Netherlands,2015,9.292250246
2867,Norway,2015,7.610906295
2868,Nepal,2015,0.266148113
2869,Nauru,2015,5.783689865
2870,New Zealand,2015,7.003080396
2871,Oman,2015,16.43412074
2872,Pakistan,2015,0.823008136
2873,Panama,2015,2.69623958
2874,Peru,2015,1.790242082
2875,Philippines,2015,1.087126793
2876,Papua New Guinea,2015,0.802933312
2877,Poland,2015,7.610089275
2878,"Korea, Dem. People's Rep.",2015,0.996671213
2879,Portugal,2015,4.812669696
2880,Paraguay,2015,0.952345908
2881,Qatar,2015,33.04351032
2882,Romania,2015,3.700112058
2883,Russian Federation,2015,11.05201007
2884,Rwanda,2015,0.086198815
2885,Saudi Arabia,2015,17.81940147
2886,Sudan,2015,0.480940393
2887,Senegal,2015,0.637241954
2888,Singapore,2015,8.207765834
2889,Solomon Islands,2015,0.513982824
2890,Sierra Leone,2015,0.126883934
2891,El Salvador,2015,1.106698196
2892,Somalia,2015,0.047110993
2893,Serbia,2015,6.397117589
2894,South Sudan,2015,0.18384314
2895,Sao Tome and Principe,2015,0.601687721
2896,Suriname,2015,4.864648366
2897,Slovakia,2015,5.669455793
2898,Slovenia,2015,6.367726166
2899,Sweden,2015,3.999311639
2900,Swaziland,2015,0.697439745
2901,Seychelles,2015,5.459274778
2902,Syrian Arab Republic,2015,1.404090869
2903,Chad,2015,0.169371768
2904,Togo,2015,0.249892061
2905,Thailand,2015,3.841982798
2906,Tajikistan,2015,0.579605995
2907,Turkmenistan,2015,13.18890729
2908,Tonga,2015,1.190712416
2909,Trinidad and Tobago,2015,15.56557092
2910,Tunisia,2015,2.726308867
2911,Turkey,2015,4.477175913
2912,Tuvalu,2015,0.90098205
2913,Tanzania,2015,0.227066833
2914,Uganda,2015,0.123477949
2915,Ukraine,2015,4.231515591
2916,Uruguay,2015,1.946065231
2917,United States of America,2015,15.56003496
2918,Uzbekistan,2015,3.168481901
2919,Saint Vincent and the Grenadines,2015,2.290740826
2920,Venezuela,2015,5.422875575
2921,Viet Nam,2015,2.380847445
2922,Vanuatu,2015,0.516361278
2923,Samoa,2015,1.240245954
2924,Yemen,2015,0.511361652
2925,South Africa,2015,7.669937662
2926,Zambia,2015,0.312354964
2927,Zimbabwe,2015,0.899769991
